CustomerID,CustomerFirstName,CustomerLastName,City
CUST0088,Alexa,Hernandez,West Corey
CUST0013,Jennifer,Summers,North Jenniferfurt
CUST0092,Joshua,Carter,Rodriguezside
CUST0022,Laurie,Wallace,Jonesberg
CUST0055,Emily,Howard,Kellerstad
CUST0010,Susan,Levy,North Davidborough
CUST0053,Jessica,Thompson,Chadland
CUST0029,Desiree,Cain,Davidmouth
CUST0042,Alex,Woodward,Lake Michael
CUST0068,Joseph,Freeman,Lake Matthew
CUST0096,Terry,Wells,North Troyport
CUST0005,Peter,Montgomery,Lake Karenhaven
CUST0067,Jeremy,Green,Dennishaven
CUST0015,Dana,Nguyen,Port Karafort
CUST0076,Matthew,Russo,New Keith
CUST0047,Jonathan,Williams,Rogersmouth
CUST0027,Sarah,Villanueva,Smithfurt
CUST0079,Jesse,Sparks,Port Michelletown
CUST0032,Whitney,Stark,North Vanessa
CUST0097,Vanessa,Cooper,Port Jonathan
CUST0038,Kenneth,Kent,Riveraburgh
CUST0019,Tasha,Rodriguez,West Amanda
CUST0026,Peter,Mcdowell,Sherriport
CUST0099,Nicholas,Kline,Hugheston
CUST0089,Richard,Higgins,Lloydville
CUST0011,Sean,Green,Hunterville
CUST0051,Amy,Lowe,West Heatherstad
CUST0036,Faith,Cabrera,East Seanstad
CUST0028,Kimberly,Myers,East Kari
CUST0061,Michelle,Hughes,East Seanstad
CUST0074,Mitchell,Smith,Port Jacqueline
CUST0049,Nicholas,Massey,Ramireztown
CUST0063,George,Allen,Davidbury
CUST0021,Kimberly,Maynard,Kellystad
CUST0091,William,Roberts,Lake Tyler
CUST0066,Jennifer,Bates,West Morganport
CUST0045,Brian,Green,Simmonsfort
CUST0030,Stephanie,Lawrence,Ellishaven
CUST0069,Nicole,Henson,New Randy
CUST0071,Robin,Lopez,Jacobborough
CUST0034,Mr.,Ryan,Wernermouth
CUST0041,Jacob,Hooper,South Jeffrey
CUST0062,Matthew,Smith,Jesseville
CUST0012,Kimberly,Smith,Davidshire
CUST0025,Mary,Alvarez,Port Alexis
CUST0087,Joshua,Clark,East Jessica
CUST0090,Marc,Williams,Lake Michael
CUST0040,Lisa,Johnston,East Benjaminbury
CUST0018,Bobby,Flores,North Johntown
CUST0077,William,Garcia,Reyeschester
CUST0056,Danielle,Castro,North Mark
CUST0033,Angela,Salazar,New Carolyn
CUST0052,Gloria,King,Morganfort
CUST0060,Travis,Schultz,Erinshire
CUST0050,Caroline,Chambers,New Ericstad
CUST0072,Miss,Angela,New Daniel
CUST0035,Autumn,Robinson,Port Donna
CUST0084,Susan,Williams,New Patricia
CUST0070,Eric,Owens,Chelsealand
CUST0057,Patrick,Rogers,Mccallberg
CUST0031,Lauren,Hayes,East Davidberg
CUST0003,Elizabeth,Woods,Lutzberg
CUST0048,William,Gonzalez,Port Zacharytown
CUST0078,Jennifer,Miller,South Deannaport
CUST0054,Jason,Carroll,Lake Michael
CUST0044,Taylor,Johnson,Gilberttown
CUST0095,Gary,Perry,Susantown
CUST0006,Theodore,Mcgrath,Lake Michael
CUST0059,Heather,Roberts,North Madisonhaven
CUST0001,Norma,Fisher,Tammychester
CUST0080,Brandi,Meyer,Mcdowellview
CUST0014,April,Snyder,Martinmouth
CUST0024,Collin,Lopez,Waltersport
CUST0082,Albert,Williams,Lake Jenniferland
CUST0064,Jamie,Hutchinson,Ayalaview
CUST0039,Melanie,Johnson,Lake Michael
CUST0094,Joseph,Jones,South Christopher
CUST0081,Hannah,Wiggins,Lake Michael
CUST0065,Jennifer,Morales,Jonesland
CUST0083,Kristin,Potts,South Anitamouth
CUST0058,Douglas,Allen,Lake Michael
CUST0020,Michelle,Kelley,Ramirezfurt
CUST0093,David,Williams,Marshallmouth
CUST0002,Jorge,Sullivan,Davisborough
CUST0023,Janice,Johnston,Reyestown
CUST0004,Susan,Wagner,South Jamie
CUST0046,Matthew,Bell,Lake Michael
CUST0016,Cheryl,Bradley,Thomasberg
CUST0086,Stephanie,Bowman,Pamhaven
CUST0098,Michael,Simmons,South Rebecca
CUST0008,Stephanie,Sutton,Jenningsburgh
CUST0043,Caleb,Clark,North Melissa
CUST0009,Brian,Hamilton,South Patrick
CUST0100,Lori,Bennett,Wrightview
CUST0085,Meredith,Rios,Martinstad
CUST0037,Charles,Wolfe,East Heather
CUST0017,Walter,Pratt,Austintown
CUST0075,Kelsey,Davis,Grantbury
CUST0007,Stephanie,Collins,Port Pamela
CUST0073,Michael,Stewart,East Christopherville
